{
  "sections": {
    "helm_3d_hero": {
      "type": "helm-product-hero",
      "settings": {
        "title": "Helm",
        "price": "$299.99",
        "description": "Cota Pilot Project",
        "button_text": "Buy",
        "available": true,
        "description_title": "Product Description:",
        "contact_email": "support@helm.com",
        "modal_title": "Thank you for your interest!",
        "modal_text": "Unfortunately, this item isn't available yet. We'd love to keep in contact.",
        "submit_button_text": "Submit",
        "early_support_text": "I don't care, I want to buy this early in support.",
        "desktop_price_top": 25,
        "desktop_desc_top": 45,
        "desktop_panels_right": 25,
        "mobile_price_bottom": 22,
        "mobile_desc_bottom": 6
      }
    }
  },
  "order": [
    "helm_3d_hero"
  ]
}